experiment,model,target,n,soluble,success,monodisperse,af_rmsd_median,af_plddt_median,min_evalue_median,max_seqid_median,max_tm_median
Fixed_Rd1_48,LM,1QYS,11,11,11,7,1.7360239028930664,89.86168090861035,0.82,0.2608695652173913,0.79074
Fixed_Rd1_48,LM,6CZJ,11,11,11,7,1.2818390130996704,88.66633659573229,0.33,0.2522935779816514,0.8631
Fixed_Rd1_48,LM,6W3W,11,11,8,3,1.926544189453125,88.30627886885424,9.2e-05,0.3364485981308411,0.83195
Fixed_Rd1_48,LM,6WVS,11,10,1,0,1.3554872274398804,86.39240099374861,0.036,0.25274725274725274,0.73144
Fixed_Rd1_48,ground truth,1QYS,1,1,0,0,0.8288429379463196,89.17377945545974,14.0,,
Fixed_Rd1_48,ground truth,6CZJ,1,1,1,1,1.0148541927337646,91.31992370254028,7.1,,
Fixed_Rd1_48,ground truth,6W3W,1,0,0,0,1.4773865938186646,85.96058814924257,8.2,,
Fixed_Rd1_48,ground truth,6WVS,1,1,1,1,0.8460836410522461,90.9020930370598,,,
Fixed_Rd2_Distant_24,LM,1QYS,8,8,7,4,1.8635631799697876,90.43593606640667,2.0,0.22826086956521738,0.546105
Fixed_Rd2_Distant_24,LM,6CZJ,6,6,6,4,1.6218926906585693,86.3726108152283,0.8200000000000001,0.22018348623853212,0.744075
Fixed_Rd2_Distant_24,LM,6D0T,2,2,1,0,2.623031258583069,84.48006224978,0.425,0.2882882882882883,0.8463050000000001
Fixed_Rd2_Distant_24,LM,6MRS,8,7,7,4,1.2336554527282715,89.866115000273,1.235,0.2532467532467532,0.779765
Fixed_Rd2_Motif_11,LM,1QYS,1,1,1,1,2.132812976837158,89.96011297143937,0.077,0.2608695652173913,0.49928
Fixed_Rd2_Motif_11,LM,6CZJ,6,6,6,1,1.5277681946754456,88.42483032482122,0.0022500000000000003,0.24770642201834864,0.842345
Fixed_Rd2_Motif_11,LM,6D0T,3,3,3,0,2.5999600887298584,87.65193392239404,0.18,0.27927927927927926,0.83247
Fixed_Rd2_Motif_11,LM,6W3W,1,1,0,0,2.4170925617218018,89.54169269821487,2.3e-06,0.37383177570093457,0.7676
Fixed_Rd2_compare_AF_ngram_20,AlphaFold+ngram,5L33,5,0,0,0,0.6291195750236511,92.56226007687252,0.5,0.23076923076923078,0.79219
Fixed_Rd2_compare_AF_ngram_20,AlphaFold+ngram,6D0T,5,2,0,0,0.8795504570007324,91.328890772023,2.6,0.25225225225225223,0.60468
Fixed_Rd2_compare_AF_ngram_20,AlphaFold+ngram,6MRS,5,1,0,0,0.7228794693946838,94.78244900295392,2.4,0.3116883116883117,0.57541
Fixed_Rd2_compare_AF_ngram_20,AlphaFold+ngram,6NUK,5,2,0,0,0.6839452385902405,93.0615892190848,2.6,0.28735632183908044,0.717
Fixed_Rd2_compare_AlphaFold_20,AlphaFold,5L33,5,2,1,0,0.4950173199176788,95.76276113248424,1.0,0.21153846153846154,0.84179
Fixed_Rd2_compare_AlphaFold_20,AlphaFold,6D0T,5,0,0,0,0.8426432013511658,93.4402470645872,0.25,0.18468468468468469,0.89593
Fixed_Rd2_compare_AlphaFold_20,AlphaFold,6MRS,5,0,0,0,0.4508427381515503,96.6509884001364,1.7,0.2727272727272727,0.55457
Fixed_Rd2_compare_AlphaFold_20,AlphaFold,6NUK,5,0,0,0,0.4769626557826996,95.49964385694892,3.0,0.21839080459770116,0.51107
Fixed_Rd2_compare_LM_24,LM,5L33,5,5,5,0,2.2361340522766118,90.44281855923052,3.8e-06,0.3942307692307692,0.848465
Fixed_Rd2_compare_LM_24,LM,6D0T,5,5,4,0,2.441730260848999,86.77399146550304,0.064,0.2882882882882883,0.73003
Fixed_Rd2_compare_LM_24,LM,6MRS,5,5,5,4,1.1360328197479248,89.26651574507316,0.38,0.33766233766233766,0.65477
Fixed_Rd2_compare_LM_24,LM,6NUK,5,5,5,5,1.672995924949646,86.68075073787664,0.95,0.27586206896551724,0.56181
Fixed_Rd2_compare_LM_24,ground truth,5L33,1,1,1,1,,92.43271477764092,4.8,,
Fixed_Rd2_compare_LM_24,ground truth,6D0T,1,1,0,0,,89.34978999176117,13.0,,
Fixed_Rd2_compare_LM_24,ground truth,6MRS,1,1,0,0,,92.79344239462696,43.0,,
Fixed_Rd2_compare_LM_24,ground truth,6NUK,1,1,1,1,,89.86144181933138,4.7,,0.38491
Generation_Rd1_48,LM,N/A,48,46,22,11,,86.45227955455962,0.48,0.27,0.577815
Generation_Rd2_Distant_57,LM,N/A,57,56,35,21,,87.79723699857843,0.76,0.25,0.50912
Generation_Rd2_Manual_24,LM,N/A,24,22,14,8,,88.3482468564503,0.000155,0.37,0.7674350000000001
